username,password
yemenideliver,unOZ8cTrkJfv2
seethrush,H3nsh2he1iSPOgO
politicscarrot,a4uoQ9Uh7bT53UPu
panjandrumhoarwell,fuSjicQh
prophetgringotts,he0fWaJTDAbGXZCq6LZ
unsungvirtuous,Q8VcxK
fussyaccept,BmhcGAfld
aragogdeposit,rVTEywZ
urineheadsail,w6quqkWXuMd
intriguefluther,aM96TIGZ824ISsZ1p
shysnipe,1S45Hly
syrupyrestless,iJVgmpU0
absolutedoghearted,AlINefVr5fhA
ugliestdramatic,Oarrrv
deadbeatstriker,bsvyb52T5AP0SE
chileerect,OWIy6kx7omT60f
penguinvomitorium,Oej9G7ZY9h7X
eowyngazump,yhs3Nu2o
foremastcoach,FrtU7lS4sSY0lQGdpSk5
shitminibus,qBo59UUpCc
bikiniworthwhile,08BVBG45lc
elflockprevent,ipV6dmFU
malerepair,V7E84wG98
quarteringvast,UPdXSs
cardinaloccasion,QcLceOUIbKU4gCE
proceedunfogging,DP4tBDjBlLIDYBVfF
medicalillfated,SMR7Aai
materialsnort,fl0RemhbfZITiCJFwa
absenttroll,DdMAsBolYc
sizzlingvessels,1Qj4suQ
harnessswain,AHyMSsi0HL1Jqpz
speedpodzol,bkqqxpaIdlrE
liberatedeorlingas,HNs6IRTeyuBTdF
barnaclerubbery,IbwwABe
dogfishbuck,TZgv6Ty3
orchidcarry,0FGp7mng
bottomryseahorse,yoiU7XVz
remorsefulrhyme,uoyB4NwaunBTqH9wdz
peachhollin,loepwcV5G
tiresomepurr,eM4BmThnf3Xg
moldytremble,sRyXoNEPeMI
injurycrass,a7Rkto73JP2VSdoTyFOp
outriggertormented,xe6PqTu69fiGFPPI
opossumbaste,uURUtstZ
quibblecandid,bkvSX0H
strikingpallograph,VYmOpiR85K2glAxKHeuZ
thunderingusual,Y1I8aWgtX7Sb
classyrepeat,DXe0AyM2F
canonvillage,BamNUApkKu
pansydecorous,fifkJu4JKP
glintspeedy,a7tsha52jrkUB
abruptfrowning,fmhWxpLGOFEnzVX
distanturn,XAufv6TIdjMx4Sm9dx
pearmens,rGJzbVNDSo8
stanedyardarm,lY9JP99RFx1LyUk0
leanclawed,7Wx0tZUK
trunkshark,TlZWAo
grouchlecture,DXEaDjud2X9Q
unpackpintail,skZ7QSP2ILf1V
scratchbring,O6wjORpta
tribeweighted,festtZP
cretinunreliable,T282tSKfxUGRIq
epilepticavada,4MbjTRwOvelrrR
friargirlfriend,CGW4E1fA
conductfrequent,N9Ug4llFX
gnuslob,9QoPm5WzwXdga3Z3sIap
magentarickshaw,7suJld0Uhk6U
cauldronrampant,ryKXE5ba8
creepattracted,DjpdZwNLyAlbiXw1
shamegristle,eG5PnoRHY6kpV3Q84qB
unreliablehorror,cZAh80p
traumaticslight,k3XgbW
breadgaseous,Aio77I
insistmicrosoft,mvcNnPDbfwdAEZ
overrunredwing,bHEqQfCSmH
relylumpish,KwbWmDg3nKgji8N2n5Q
tacoproposal,kiL3wDrO62uZL
zapbusstop,9l9OEW6flO
starboarddishonest,ax71S5ouUPAF29RH
gatewaydole,qrxk0u1AbcBv
kilioffensive,gkZs7X4Gqg6lowN1DmWR
gulliblepomfrey,yZippEdU7ziF
troupeteammate,5jAYUR5c
impatientbaseball,fnY7r30tUGZCB8
closedsmash,ilbmCMULQXdP1KRVUG8w
interestboyfriend,PEYrdKt9
hogsmeadcat,Yvkk3Yzi897
civildock,peoiF5CR61esmjqaoDm
belgiansyrup,LzT8S6YhR1pTARqZ0
voteone,V8B2l9o
regionpane,MnGSF3MGSH7
lordtaunt,4uzocu
gyrustalus,aJI4VVU4n0K6Ig3zfTx8
emitbite,cIBkfXwdf7N89V7XfZ
divulgecheat,H6ABSsact
momentousbike,7TFZyWh9ZBZkn3xeKMrn
axelconspiracy,AfrKxg08lCl
notebookambitious,al8mYWJIh7Fd
boolast,75vwTGGW9qscIb
leechnapkin,554yeyvo8WE
excludedsport,2nwoLKHuL7Q6muxYrCJy
colombianpigeon,D0HTyxjR9
buzzingcreeper,fho9CUM
jauntychain,LNJgENEYYkWWyrxUd1sz
speedydifficult,tWjMS0Ds
boastfultesticles,kfcnlzJucy8wSd
chompsurround,UHEkfj9OVrt26NO
mustersnool,ElSlcvuzYNMO9Ai
totemmasculine,heqLiX1s0
sneeringrewarding,uQOyHP
majestickerching,OGpMls
manholecriticism,kTSUV8Ax
flagellumdiagon,rMA0rAdAD65dqGkucp7J
playoffsfocused,dd17aTnXL
pussfacepermit,wfiaqWdkSUmIzhnn
enormousbeorning,umcNM07SYCXpfzznVmK
oakumdefensive,QXSIP6qx
blurtsprit,IkYC0QUmh2FA
ereborsledder,TA9yzNZj2U
ornatemoral,8z6y0sKMzT4
firmdunbird,AJB20xSPev
ecdysiastimpress,bFb4vskdeV0Z
elaboratesnip,0f8xlSfnCu
conniptionferocious,vOSY2grYNISj
shapelesssneeze,TSz6ekw
bowlerrealtor,BqDyWqgEv
gamgeeastronomer,fUDIYxep1cFe
batironclad,yfgqcHiWRuN
twangjibe,fodE6mUMmnzA
disruptivebrazen,z5L5vv7zwSPiAp
shoredoting,TvV38r4P4YxOwnFi
refreshinghilarious,U31mAdtZy
spadesdepth,fGNETAdEj7NVz
hamburgerbellow,nq0fUn
uneasenincompoop,Fb0NH2AnpFoNqntCQW
effluviumfaraway,5kzgsh
hostcelebrated,YyZ9Up0IvG
bathliberated,qDuFqfs1fRuCiwI
mineroomy,AtHzMt7qm
oiklibrarian,7AAQlWabiv
decayraisins,XQ5AQ5t3pIYgKrYpwY
mundanevolcanic,Qhbdcf6lEkaED
tokholystone,dY00Vmg9lW7xJFjdB9
coterieglozing,QgYf3uYU
weaknesslarboard,qJuTeGGq
pumpkinagitated,RfZtMH0fZc
snoutbandgillie,gxoOEk95
jugularcaustic,OufnUcRvC1Gwb1s
aortamenorah,jY9eRRU2l5CheOgGtPda
agonizingdamaged,O5s04MhipvxaPfq2
rowdydaily,cJpVba
digitaloccasional,PmuesoWxvNctaLnTMWYq
vaulternutritious,4ZMg2PwtAAfk
mockingroar,70DWTLMawF
cultazure,b0nCLZyVIsWQGEYUdDMs
upholdsternum,PrnFQIbihYF0a
finagledescribe,TRLizz9sHF
eagerinborn,tphQbrej5eYAUrvqn
raketittering,kxuPJxHs9rIiN0KT1p
bobstayambiguous,bFFz65Gne9o2WoH6mP
polesicko,W3lNb21fqNazuWeClFOp
rubeusabc,SeZWEM8CBUJoum
bicyclistpharmacist,ix2fllhm
swineblubber,6x3erRUkCCT8
hassanmute,ijqrrvuB
tickniggle,1XPqTxiTblnT59kB3
pointlessneedy,dVtIe6yhV6y0in
lustrousfarmland,kALjsvA
rnathrowing,pVCMgivW
puzzledgilded,sIEcAFTj2XYH
basteigloo,QBN0CgHstqXCC9FCI
gannetcohort,Yk8c2sSTcRAJ6
ulnaweirdo,76UN1Yw5qHWp
valiantirked,wVqQC8fVMBlVgNZvMRD
worshipheron,1MDsI8KDC
cutjoithead,dmiTgGQ
mediummammering,u5BbwCHvupDZrOl3bM
steeveimladris,rUEEKG
mullboeing,3D1qNl5qnCi8N
bansheeimperfect,YXOFrZC7uN
musicalmask,Yy7oqswssI
regretfulcocky,nD1vY5YSw1
blocksrag,NvQQCS0zsR6
baffledhers,a0ikbyx
dopeymenacing,pI7P2WMU56qC
glazedmearas,29jrETeIR
fopdoodledonkey,WfSRzuK
theencourage,UFQZgU
proudfootstemson,NJCG3qd
shiveronlooker,c7vmcldM
breakfastslurp,A1PnbzldWeYhQ18
thitherdrate,tScKr7smou8pOhp
shakyfoolhardy,Mw5D6A6Aq
deltaspath,r2hRzo
kuwaitiwrestlers,0BmaMLhn8XZMqUVDTp
ambitionstained,ftTYSyOog0wGB
chicsquawk,acuCqtGoOC
getauror,gMCoWI7
respectedwrestling,aPHpzhPzAwVqZ
barrierwitchking,KCNYHwPqlt8o9d
