,username,password
0,raredismal,tP8!dYZY@SAJ3
1,reserveshiver,DPt$Jpaohj1z$
2,gauzeinformal,?#4QyhqVy*DJ
3,bifursassafras,I?6AQW!$I3Fgnc
4,whoppingcocoa,?WP&NjSkxO$3XNk
5,unhelpfultoboggan,6jGVoOUx@H&
6,customerflower,R%3i%XBL0xw3*g
7,skeletalslalom,z1d5!Ipgl5mTdNN
8,worrisomelonely,?zuKbWCtnYm6YE8
9,morganaboltrope,efyG0VbaN@Rb
10,chapterblast,mWFbo@kfxC%G*5
11,walkerhopeful,@zzCokfc5K*u8wV#
12,haradrimstep,yq?4nf2CLtI
13,klutzyringwraith,V!jMTaE5s#D&x7lcO
14,magicianmalaysian,e!W8%sn5UFCaOKc
15,dunlinpsychotic,Mg&614s@Oqwfbq
16,thoroughtrolleybus,4ViU*yjruxa
17,hillbillyquaffle,$v1H7lR@VeMKcLWe
18,tutorgrateful,60YmD6prsR@TpsP
19,doppingdispenser,lo2IQe7QB7kaqq*g
20,crabbybento,v6yLrOHXoUKUH3%
21,verdantlakes,5o$H!Rtj3laba0t!
22,harpyparking,oT@VCoF5s2!xPVG0w
23,mercurialwordy,Kv&ysU*ma128fk
24,makeshiftinflate,0*kQf*4LqOER%7v
25,halflingllama,C6uzuP3n6$QnTs#b%
26,ownernoteworthy,ojLFTBx$4v#A!In
27,graydeserted,ru7Po0pAB@3wMt
28,viciouspoor,Zn&Sn%oLruUtaK2
29,euphoricrunning,Q?dIYgVW!sLnQU570
30,taigaslob,JMn@%tTJ03eJv
31,crowdedsheath,%k$s2sU77CNFA
32,parrelstronghold,kgH3CcrsJ5qryg$1!
33,camberprettying,koBRc&zE??41VGl
34,potatoesacacia,a!wj6%L6fcfMD
35,knockexuberant,mrRJLA&4Ls7KFr
36,wallborrow,CzNsj?N#exo1Ec
37,fallingdogwatch,@NBYz%pp4rwBb6nR@4
38,smithingmouthed,W1@C8f#irYxJ6
39,zoilistheap,EoXwR51mKVw$JU3%
40,tiredfaced,5puHdSjqztR%j
41,impurered,Ih0#PhE6?YKbQ%
42,crackersblueeyed,5nE@fWXLr3uVa0
43,chestplatezap,wKhQ&7UqSQl$
44,blackfishdoodle,ujt0kIz$Vu?1D?v
45,buttgroovy,H?OG&njzlEX4D
46,boomerangtoothsome,MfCbN3J6@E&RP8
47,algerianscatter,j&nP!Qi4?Ih1iwGSx
48,gildedmilksop,nAPPd6nw#f
49,zippydufus,xV0kpso7KCW%
50,imminenthysterical,6udxi!Jh!8t$eOtH
51,acceptingsanta,H#Z2va?JaiUWK4#Qt
52,mongoosegowpenful,4tY0@X3VLVT&G*
53,meticulousfume,5f4i2&MhFXx&F?
54,chippedheaded,C?lf2t0r0Y%lbC$F
55,aragornbouffant,RTT8n5UKMI?DG*u
56,glorfindelfornost,lI3a!iNVCfZ7Kv
57,swallowquisby,XR6cd84UGVI%
58,combativeunicycle,4pc2waO6GzLpKF#
59,concurlose,!Gw40lXBhLLVas%
60,gapinggeneration,qdW$XDy!qk01uT
61,chevroletchildish,TkhbDOOe#7Y2ARX
62,duleconscious,?Ogl01Z1JSWN
63,vocalcaring,Yr@Ck6qpmm*!
64,bossyturkey,HTSOuv3Cj$otM@U
65,tavernerbetrayed,aFxeC8?Q5MHgFE
66,clevershyster,&hm0&4EMECl8H
67,racedecision,Tl2@kWhLM0f
68,grindsailing,ZoYznX%ZM*8
69,logorrhearoots,pJF$&gh%2MrhDE5
70,turkishdinosaur,xzrzZ6hlEx8E7L@
71,glitteringroac,HQMoG*68XqUW
72,eightlard,Hmb46jO!1GQuIrLg
73,occasionalpainter,LThw7j@kDN
74,influencehometeam,!Yj5$&yRGgB2S
75,decisiontrot,tRb@8C!TFguT
76,deteranimagus,Js1W@3nzws*nR
77,connectiontournament,SAi3whMT5RT*cp8S
78,winkywatery,V1WCnwoCtD*yAK@%
79,whistleaddiction,u7Yr#zvbQGFN22
80,kelppannikin,fsG3@TioE!I@qfZQ
81,pacerefuse,$rnNDi0wpin
82,gorgorothinclude,s62$ARDkAZGv
83,stylishhabitual,m4Xw?f6xoBYZU
84,chantcongolese,lopV0@jOCJ
85,cravenmischief,y%kQie5u5vbWfkH
86,martenhandsomely,FP?gs3GKaz*oOhs6#
87,marketwalty,F$@gp$fP47uwLXV
88,urinalthrifty,*@uZRc$c048DXcn
89,cyclingiraqi,b5Dl#RTQnGt%2yK3M
90,watchfulgobemouche,&uG8A5eTluzc8
91,metallicrolex,WDEMEWr&T1W1@oQ
92,nullscribble,kK!Ue5ghFDOyK*Z
93,dingopanicky,%Xw6aba8k*6Jnna
94,sowsenursery,6YZljD7*@M*lbG
95,receptioncomparison,VrP%Bv5pgGmT
96,hissingwhirr,1vhrcKAzmBR?&&
97,sidelightarena,gp7U#sr4#MRhbX
98,cornertasty,D70Gxd@cu7K@l*
99,ministrymechanic,RDY%a0*B%UaG
100,earingpuking,z*5EWugy6BrV&o7Sw
101,zwoddercultured,$*qW3z7MQs4T@IILi
102,buttonsneer,Gdg7$FDF3jeedz
103,peepmoldwarp,YuIgP2cfnrU*K
104,joinlemons,3&kfvx@j6PW6QOPNK
105,monthlyskiver,5il&T5EF*iioUL6%
106,witairplane,T0H4GHzFsN@1vM
107,quizzicalcobra,OYZM@4&gbSrrB
108,trapdoorsteer,@kJ!Y7NJH8!T2F
109,pantgreet,KO!epP?U4d1a8XS
110,forefootcapital,fWuc2*gAzu1*fPq4$G
111,plainoutlandish,YbX#N?gNwqIJz5w
112,attractivearid,0dMHfh%S3t@T$3iRVf
113,kissgiving,p6UC8Z#IRcNpy
114,talkativetiller,l8v0W@%AcFsE%0
115,valleyresigned,#&uVkP&7FzqUa
116,lozengespotless,Jqp3ShQ#d&f%YlN
117,impartialsuspect,Yvgql2Lxatz!G
118,questionesteemed,Sl4Ze5%KzSBQd@r
119,welloffrelish,tN%3CsVl4K5KXp
120,boulesbeaver,pXlYPN8%eQUUlr
121,therapistoctopus,#CXC*51tV4A!Aqfl
122,arrangeamuse,4M8Hxz#0I#JNi
123,corpuscleswindler,1owkzLU@4H$F1
124,rampallianpink,tSlZ6sB1?#SI?a
125,bisontribe,MA2T88OGO!Qp
126,creativemoorhen,$aLy8MkjAtRuFi
127,sponsonfurnace,p#VemX$ak51wo8Dt
128,dovechubby,W!$n&m7pD6NsIl3
129,cupidtangy,a#mtmaB#W4?Je
130,accidentaljapanese,CVyY$eHrUeh!@B6Y
131,yeastyreducto,Iv%b2NxxyO&?XqAs
132,abalonemanner,*fgV1eqzScapgB
133,immenseremember,u5LbV88CfN*XPec@U
134,surmiseinfected,l%!Ict7C*QRT0BqMf
135,cracklenestle,p2sR&c8hVC#I0N*PRs
136,oafishpurr,WzVPmk4mh%
137,channelstinker,b5wfhH5y&8oy
138,straysizzling,6S$CYAc?dNuha
139,spongycheery,ojBf?R*oBD0N
140,bakedaromatic,4EuGMy$1uxXEsp
141,snipecave,?UF*rKA4ZYdAB
142,liberianclash,hI7fG%#$nmptfyz
143,lithuaniancaluminous,h3d*2p2jptVty!
144,rnadecanter,QJ@HUFIS5BZG1@*B
145,thudexultant,aU1FRLjE*cUH8W
146,surveyazure,N%5*riy#CZtrxt5
147,obsessedcounty,E#@BPZj8JbqCKYb
148,bugbearboar,?ahR*AX3&peqr
149,stemuseful,JFbKVn01?%iwhLy
150,briefsinfused,UNe8Fq0jeCh&DAf
151,lushfront,5$LCP8zWl5#UN?t
152,churchstonecutter,64mRCbPRY*qG&%e
153,chainjaialai,*cBPyI?bcB4*xbi
154,hunkywhomping,7#UKE3*NebvjKD!S5t
155,humdrumstaned,$oC4V6jsddsdn7h
156,afterdecksnarl,P18p?JijrE*wSLL
157,unhappycolin,ge5Zhu!oK#GGdIk
158,prairiedogsplash,A*Wi7n8xio%*A0uya
159,leashbrisk,@cQk8LL1xM@!sAp
160,absorbeddecathlon,6$SPvujy0rnf2
161,austeresake,48%JYRbbIg?WV
162,polopower,W#tkwbeZg2ro
163,tykedalcop,?8mfKO*cgd61qC
164,rankhop,*gg0Lel?XLHs
165,edgesnowflake,saOqiM*zDf1&4v3z*e
166,dipstickliterate,Eo%#ArJ!xt0WW
167,shenanigancritic,Fh$7ZWejcM8L*?pr
168,borderbrandywine,yAZBM&nBGCrE35S@7?
169,originalhorseman,urxJmPD4wZq1?*Ed
170,identicalsardines,1DBPOg3&$$IxE
171,receivejuggle,QVmZr0j7H#mthv
172,turtlehoddypeak,If*RFtF@30y$iDgP
173,shrimpdivulge,K0Av@gN8vVRlp
174,barefacedwonderful,Gqog%z5P1D#@j
175,challengepotion,7?VlmY6wBaLOm
176,snorklingunderage,!pmHkSLmgwyQ0
177,entertunisian,e54RNfVM!ILChf@S$
178,dirtpatience,5VV@yF@usJ5#X2Zy
179,seasonforebitt,2P*taVcUq!6TbZH0
180,pollutionhappen,Ok!dkgu6la*Hb4b
181,draftermysterious,aF2w*TAh#xqbC
182,bagmanwoodchuck,7#O46lZ*I*hwxhq
183,chilemadcap,wO5XMYy?fOFJ08mX
184,ruralfreeboard,%#BGcrYlM$sSbf6
185,ridetremble,dz5JyVnwukKX&
186,cellsreceive,!eQV*ex!H5gkp
187,shoepossessive,VS0@LaKQ76&C$QIgM
188,huddlefield,crRyUIKeC2*Pz
189,egaddepressed,#RGgNo6XOB5Sv
190,inventbullocks,l01bmLd@IfB
191,kookaburramisty,i%F0vtp2fFl
192,doodlezany,VFbz5FE&etw
193,volatileaudi,v8s!mGXigk73Cz
194,mistymeriadoc,ogIgQt$S6gvZw$
195,swainambitious,63?bHD%xe@k4Cc
196,arguschav,no?qEL4AcdlJk%
197,cheesesexy,d$tP86qTTAR
198,approveeyeglasses,HEr#AF5MEHBG#0l
199,deservebold,KOtp5h8uAMU$
